#datatype measurement,dateTime:RFC3339,float,float,double
speed,msgTime,latitude,longitude,gpsSpeed
speed,2021-08-25T12:22:30Z,41.20752,29.07588,12.4
speed,2021-08-25T12:22:29Z,41.20752,29.07596,11.9
speed,2021-08-25T12:22:25Z,41.20742,29.07613,8.9
speed,2021-08-25T12:22:24Z,41.20738,29.07615,0
speed,2021-08-25T12:22:21Z,41.2072,29.07618,16.4
speed,2021-08-25T12:22:19Z,41.20707,29.07618,8.8
speed,2021-08-25T12:22:17Z,41.207,29.07616,7.9
speed,2021-08-25T12:22:13Z,41.20688,29.0761,3.4
speed,2021-08-25T12:22:09Z,41.20673,29.07601,8.3
speed,2021-08-25T12:22:06Z,41.20663,29.07594,17.2
speed,2021-08-25T12:22:04Z,41.20648,29.07582,23.4
speed,2021-08-25T12:22:00Z,41.20615,29.07551,20.2
speed,2021-08-25T12:21:56Z,41.20588,29.0752,20.1
speed,2021-08-25T12:21:52Z,41.20553,29.07475,32.9
speed,2021-08-25T12:21:49Z,41.20504,29.0743,30.7
speed,2021-08-25T12:21:48Z,41.20504,29.0743,30
speed,2021-08-25T12:21:44Z,41.20455,29.07354,35.3
speed,2021-08-25T12:21:39Z,41.2044,29.07285,25.5
speed,2021-08-25T12:21:35Z,41.20439,29.07218,26.1
speed,2021-08-25T12:21:31Z,41.20429,29.07162,23
speed,2021-08-25T12:21:28Z,41.204,29.07136,32.2
speed,2021-08-25T12:21:27Z,41.20386,29.07126,36.4
speed,2021-08-25T12:21:23Z,41.20326,29.07099,31.9
speed,2021-08-25T12:21:21Z,41.20298,29.07094,24.8
speed,2021-08-25T12:21:19Z,41.20279,29.07073,13.8
speed,2021-08-25T12:21:18Z,41.20279,29.07073,11.3
speed,2021-08-25T12:21:14Z,41.20278,29.07045,11.9
speed,2021-08-25T12:21:10Z,41.20277,29.07014,10.8
speed,2021-08-25T12:21:07Z,41.20272,29.06999,7.8
speed,2021-08-25T12:21:06Z,41.20269,29.06997,6.1
speed,2021-08-25T12:21:02Z,41.20257,29.06995,3.4
speed,2021-08-25T12:20:58Z,41.20237,29.06996,19.2
speed,2021-08-25T12:20:54Z,41.20189,29.06994,28.5
speed,2021-08-25T12:20:51Z,41.20155,29.06991,14.8
speed,2021-08-25T12:20:49Z,41.20143,29.06992,8.1
speed,2021-08-25T12:20:47Z,41.20137,29.0699,4.1
speed,2021-08-25T12:20:45Z,41.20133,29.06989,3.2
speed,2021-08-25T12:20:44Z,41.20131,29.06989,7.3
speed,2021-08-25T12:20:41Z,41.20114,29.0699,17.3
speed,2021-08-25T12:20:37Z,41.20079,29.0699,17.6
speed,2021-08-25T12:20:33Z,41.20048,29.06987,14.9
speed,2021-08-25T12:20:29Z,41.20025,29.06977,9.6
speed,2021-08-25T12:20:24Z,41.20005,29.06965,16.7
speed,2021-08-25T12:20:22Z,41.19988,29.06955,24.4
speed,2021-08-25T12:20:20Z,41.19967,29.06941,27.5
speed,2021-08-25T12:20:17Z,41.19934,29.06913,28.5
speed,2021-08-25T12:20:16Z,41.19923,29.06904,27.7
speed,2021-08-25T12:20:12Z,41.19877,29.06879,25.5
speed,2021-08-25T12:20:08Z,41.19846,29.06847,18.7
speed,2021-08-25T12:20:06Z,41.19836,29.0683,12.9
speed,2021-08-25T12:20:04Z,41.19833,29.0682,4.7
speed,2021-08-25T12:20:02Z,41.19836,29.06816,4.5
speed,2021-08-25T12:20:00Z,41.19841,29.06819,4
speed,2021-08-25T12:19:55Z,41.19844,29.0683,6.4
speed,2021-08-25T12:19:51Z,41.19856,29.06852,14.7
speed,2021-08-25T12:19:47Z,41.19884,29.06878,24.7
speed,2021-08-25T12:19:46Z,41.19895,29.06886,27.5
speed,2021-08-25T12:19:43Z,41.19931,29.06912,29.8
speed,2021-08-25T12:19:39Z,41.19976,29.06948,24.7
speed,2021-08-25T12:19:35Z,41.20015,29.06974,12.3
speed,2021-08-25T12:19:30Z,41.20041,29.06988,17.9
speed,2021-08-25T12:19:26Z,41.20075,29.06995,18.6
speed,2021-08-25T12:19:22Z,41.20112,29.06994,18.8
speed,2021-08-25T12:19:18Z,41.2014,29.06994,11
speed,2021-08-25T12:19:16Z,41.20151,29.06994,13.3
speed,2021-08-25T12:19:14Z,41.20164,29.06996,16.2
speed,2021-08-25T12:19:10Z,41.20212,29.07,22.7
speed,2021-08-25T12:19:05Z,41.20244,29.07,16.3
speed,2021-08-25T12:19:04Z,41.20256,29.07,12.8
speed,2021-08-25T12:19:01Z,41.20265,29.06999,8.8
speed,2021-08-25T12:18:57Z,41.20282,29.06996,6.7
speed,2021-08-25T12:18:53Z,41.20291,29.06993,6.7
speed,2021-08-25T12:18:49Z,41.20313,29.06982,17.6
speed,2021-08-25T12:18:45Z,41.2036,29.06961,22.7
speed,2021-08-25T12:18:40Z,41.20404,29.06953,23.1
speed,2021-08-25T12:18:38Z,41.20445,29.06956,20.2
speed,2021-08-25T12:18:34Z,41.20474,29.06973,13
speed,2021-08-25T12:18:30Z,41.20493,29.06991,7.4
speed,2021-08-25T12:18:26Z,41.205,29.06998,2.4
speed,2021-08-25T12:18:22Z,41.20513,29.07023,16.9
speed,2021-08-25T12:18:17Z,41.20523,29.07069,18.8
speed,2021-08-25T12:18:16Z,41.20523,29.07081,18.6
speed,2021-08-25T12:18:13Z,41.20525,29.07118,19.2
speed,2021-08-25T12:18:09Z,41.20525,29.0716,10.8
speed,2021-08-25T12:18:05Z,41.20525,29.07182,7.7
speed,2021-08-25T12:18:01Z,41.20526,29.07203,8.7
speed,2021-08-25T12:17:57Z,41.20543,29.07212,10.3
speed,2021-08-25T12:17:52Z,41.20555,29.07212,0.3
speed,2021-08-25T12:17:48Z,41.20554,29.07213,0
speed,2021-08-25T12:17:46Z,41.20554,29.07213,0
speed,2021-08-25T12:17:44Z,41.20554,29.07213,0
speed,2021-08-25T12:17:43Z,41.20554,29.07213,0
speed,2021-08-25T12:17:39Z,41.20554,29.07213,0
speed,2021-08-25T12:17:34Z,41.20553,29.07214,0.3
speed,2021-08-25T12:17:33Z,41.20552,29.07213,0.2
speed,2021-08-25T11:59:35Z,41.20546,29.07209,0
speed,2021-08-25T11:59:33Z,41.20546,29.07209,0
speed,2021-08-25T11:59:31Z,41.20546,29.07209,0
speed,2021-08-25T11:59:27Z,41.20546,29.07209,0
speed,2021-08-25T11:59:23Z,41.20546,29.07209,0
speed,2021-08-25T11:59:19Z,41.20546,29.07209,0
speed,2021-08-25T11:59:14Z,41.20546,29.07209,0
speed,2021-08-25T11:59:10Z,41.20546,29.07209,0
speed,2021-08-25T11:59:06Z,41.20546,29.07209,0
speed,2021-08-25T11:59:02Z,41.20546,29.07209,0
speed,2021-08-25T11:58:58Z,41.20546,29.07209,0
speed,2021-08-25T11:58:54Z,41.20546,29.07209,0
speed,2021-08-25T11:58:49Z,41.20546,29.07209,0
speed,2021-08-25T11:58:45Z,41.20546,29.07209,0
speed,2021-08-25T11:58:41Z,41.20546,29.07209,0
speed,2021-08-25T11:58:37Z,41.20546,29.07209,0
speed,2021-08-25T11:58:33Z,41.20546,29.07209,0
speed,2021-08-25T11:58:29Z,41.20546,29.07209,0
speed,2021-08-25T11:58:25Z,41.20546,29.07209,0
speed,2021-08-25T11:58:24Z,41.20546,29.07209,0
speed,2021-08-25T11:58:20Z,41.20546,29.07209,0
speed,2021-08-25T11:58:16Z,41.20546,29.07209,0
speed,2021-08-25T11:58:12Z,41.20546,29.07209,0
speed,2021-08-25T11:58:08Z,41.20546,29.07209,0
speed,2021-08-25T11:58:04Z,41.20546,29.07209,0
speed,2021-08-25T11:58:00Z,41.20549,29.07209,1.2
speed,2021-08-25T11:57:59Z,41.2055,29.07209,1.3
speed,2021-08-18T17:15:39Z,41.20745,29.07579,7.6
speed,2021-08-18T17:15:35Z,41.20744,29.07601,5.7
speed,2021-08-18T17:15:32Z,41.20745,29.07607,0
speed,2021-08-18T17:15:30Z,41.20745,29.07613,5
speed,2021-08-18T17:15:26Z,41.20739,29.07622,5.2
speed,2021-08-18T17:15:22Z,41.2073,29.07622,4.9
speed,2021-08-18T17:15:18Z,41.20722,29.07621,3.5
speed,2021-08-18T17:15:14Z,41.20719,29.07621,1.7
speed,2021-08-18T17:15:11Z,41.2072,29.07619,1
speed,2021-08-18T17:15:10Z,41.20719,29.07621,2.3
speed,2021-08-18T17:15:05Z,41.20724,29.07626,6
speed,2021-08-18T17:15:01Z,41.20738,29.07627,10.5
speed,2021-08-18T17:14:57Z,41.20757,29.07624,10.1
speed,2021-08-18T17:14:53Z,41.20776,29.07619,9.8
speed,2021-08-18T17:14:49Z,41.20792,29.07611,9.2
speed,2021-08-18T17:14:45Z,41.20814,29.07602,10.2
speed,2021-08-18T17:14:41Z,41.20827,29.07597,9
speed,2021-08-18T17:14:40Z,41.20831,29.07596,9.3
speed,2021-08-18T17:14:36Z,41.20848,29.07595,9.6
speed,2021-08-18T17:14:32Z,41.20867,29.07597,9.6
speed,2021-08-18T17:14:28Z,41.20885,29.076,9.6
speed,2021-08-18T17:14:24Z,41.20902,29.07605,9.3
speed,2021-08-18T17:14:20Z,41.20921,29.07608,7.9
speed,2021-08-18T17:14:15Z,41.20937,29.0761,8.2
speed,2021-08-18T17:14:11Z,41.20948,29.07613,3.7
speed,2021-08-18T17:14:10Z,41.20949,29.07614,3.4
speed,2021-08-18T17:14:07Z,41.2095,29.0762,3.4
speed,2021-08-18T17:14:03Z,41.20943,29.07623,8.6
speed,2021-08-18T17:13:59Z,41.20923,29.0762,12.8
speed,2021-08-18T17:13:55Z,41.2089,29.07612,15.7
speed,2021-08-18T17:13:50Z,41.20858,29.07603,19.6
speed,2021-08-18T17:13:46Z,41.20821,29.07597,23
speed,2021-08-18T17:13:42Z,41.20778,29.07617,23.7
speed,2021-08-18T17:13:40Z,41.20746,29.07624,23.1
speed,2021-08-18T17:13:37Z,41.20725,29.07622,24
speed,2021-08-18T17:13:33Z,41.20682,29.07609,23.9
speed,2021-08-18T17:13:29Z,41.20641,29.07579,24.7
speed,2021-08-18T17:13:25Z,41.20595,29.0753,24.5
speed,2021-08-18T17:13:20Z,41.20564,29.07488,23.2
speed,2021-08-18T17:13:16Z,41.20531,29.0745,24.4
speed,2021-08-18T17:13:12Z,41.20494,29.07417,24.3
speed,2021-08-18T17:13:09Z,41.20471,29.07384,24.2
speed,2021-08-18T17:13:08Z,41.20465,29.07372,24
speed,2021-08-18T17:13:04Z,41.20446,29.07322,19.6
speed,2021-08-18T17:13:00Z,41.20442,29.07262,20.1
speed,2021-08-18T17:12:55Z,41.2044,29.07219,15.9
speed,2021-08-18T17:12:51Z,41.20438,29.07186,11.5
speed,2021-08-18T17:12:47Z,41.20427,29.07162,11.8
speed,2021-08-18T17:12:43Z,41.20408,29.07146,12.7
speed,2021-08-18T17:12:39Z,41.20386,29.0713,13.2
speed,2021-08-18T17:12:38Z,41.20381,29.07127,13
speed,2021-08-18T17:12:35Z,41.2036,29.07111,12.9
speed,2021-08-18T17:12:30Z,41.20337,29.07102,12.4
speed,2021-08-18T17:12:26Z,41.20314,29.07099,11.8
speed,2021-08-18T17:12:22Z,41.20293,29.07093,10
speed,2021-08-18T17:12:18Z,41.20283,29.07074,9.3
speed,2021-08-18T17:12:14Z,41.20281,29.07053,8
speed,2021-08-18T17:12:10Z,41.2028,29.07027,8.8
speed,2021-08-18T17:12:08Z,41.2028,29.07023,6.6
speed,2021-08-18T17:12:05Z,41.20279,29.07011,5.3
speed,2021-08-18T17:12:01Z,41.20279,29.06999,4.3
speed,2021-08-18T17:11:57Z,41.20285,29.06993,5
speed,2021-08-18T17:11:53Z,41.20293,29.06989,6.3
speed,2021-08-18T17:11:49Z,41.20311,29.0698,13.1
speed,2021-08-18T17:11:45Z,41.20335,29.06969,14.1
speed,2021-08-18T17:11:40Z,41.20368,29.06957,14.4
speed,2021-08-18T17:11:37Z,41.20387,29.06955,14.5
speed,2021-08-18T17:11:36Z,41.20394,29.06954,14.9
speed,2021-08-18T17:11:32Z,41.20421,29.06955,16.3
speed,2021-08-18T17:11:28Z,41.20449,29.0696,13.2
speed,2021-08-18T17:11:24Z,41.20469,29.06973,10.5
speed,2021-08-18T17:11:20Z,41.20485,29.06987,10.5
speed,2021-08-18T17:11:15Z,41.20496,29.07001,4.8
speed,2021-08-18T17:11:11Z,41.20505,29.07015,10.4
speed,2021-08-18T17:11:07Z,41.20514,29.07042,13.4
speed,2021-08-18T17:11:03Z,41.2052,29.07074,13.4
speed,2021-08-18T17:10:59Z,41.2052,29.07109,14.9
speed,2021-08-18T17:10:55Z,41.2052,29.07143,11.8
speed,2021-08-18T17:10:51Z,41.2052,29.07173,7.5
speed,2021-08-18T17:10:46Z,41.20521,29.07189,9.4
speed,2021-08-18T17:10:42Z,41.20527,29.0721,9.8
speed,2021-08-18T17:10:38Z,41.20545,29.07216,9.5
speed,2021-08-18T17:10:36Z,41.20554,29.07218,10
speed,2021-08-18T17:10:34Z,41.20562,29.07224,9.3
speed,2021-08-18T17:10:30Z,41.20576,29.0724,9.9
speed,2021-08-18T17:10:26Z,41.20596,29.07248,7.4
speed,2021-08-18T17:10:21Z,41.20609,29.07248,6.4
speed,2021-08-18T17:10:17Z,41.20622,29.07263,8.9
speed,2021-08-18T17:10:13Z,41.20623,29.07281,4.4
speed,2021-08-18T17:10:09Z,41.20624,29.07298,8.6
speed,2021-08-18T17:10:05Z,41.20626,29.0732,8.9
speed,2021-08-18T17:10:01Z,41.20627,29.07339,4.1
speed,2021-08-18T17:09:56Z,41.20627,29.07352,5.2
speed,2021-08-18T17:09:52Z,41.2063,29.07365,6
speed,2021-08-18T17:09:48Z,41.2063,29.07374,0
speed,2021-08-18T17:09:44Z,41.2063,29.07374,0
speed,2021-08-18T17:09:40Z,41.20629,29.07373,0.2
speed,2021-08-18T17:09:36Z,41.20632,29.07372,3.6
speed,2021-08-18T17:09:35Z,41.20632,29.07372,3.1
speed,2021-08-18T17:09:31Z,41.20634,29.07374,2.8
speed,2021-08-18T17:09:27Z,41.20635,29.07368,0
speed,2021-08-18T17:09:23Z,41.20635,29.07366,1.7
speed,2021-08-18T17:09:19Z,41.20633,29.07356,7.5
speed,2021-08-18T17:09:15Z,41.20632,29.07339,5.1
speed,2021-08-18T17:09:11Z,41.20636,29.07333,1.2
speed,2021-08-18T17:09:06Z,41.20635,29.0733,0.3
speed,2021-08-18T17:09:04Z,41.20635,29.07332,2.3
speed,2021-08-18T17:09:02Z,41.20638,29.07339,11.2
speed,2021-08-18T17:08:58Z,41.20653,29.07364,13.2
speed,2021-08-18T17:08:54Z,41.20674,29.07383,14.3
speed,2021-08-18T17:08:50Z,41.20697,29.07399,13.7
speed,2021-08-18T17:08:46Z,41.20722,29.07422,13.1
speed,2021-08-18T17:08:41Z,41.20742,29.07441,13.9
speed,2021-08-18T17:08:37Z,41.20764,29.0746,14.8
speed,2021-08-18T17:08:34Z,41.20793,29.07469,15
speed,2021-08-18T17:08:33Z,41.20793,29.07469,15.2
speed,2021-08-18T17:08:28Z,41.20825,29.07484,11.7
speed,2021-08-18T17:08:24Z,41.20841,29.07497,8.8
speed,2021-08-18T17:08:20Z,41.20843,29.07518,9.9
speed,2021-08-18T17:08:16Z,41.20841,29.07544,10.5
speed,2021-08-18T17:08:12Z,41.20836,29.07578,10.7
speed,2021-08-18T17:08:07Z,41.20823,29.07599,11.6
speed,2021-08-18T17:08:03Z,41.208,29.0761,14.3
speed,2021-08-18T17:07:59Z,41.20772,29.07623,17.2
speed,2021-08-18T17:07:55Z,41.20744,29.07626,18.5
speed,2021-08-18T17:07:51Z,41.20704,29.0762,24.8
speed,2021-08-18T17:07:47Z,41.20648,29.07587,27.5
speed,2021-08-18T17:07:42Z,41.20607,29.07547,24.1
speed,2021-08-18T17:07:38Z,41.20573,29.07507,25.4
speed,2021-08-18T17:07:34Z,41.20542,29.0746,25.6
speed,2021-08-18T17:07:32Z,41.20522,29.07442,25.5
speed,2021-08-18T17:07:30Z,41.20502,29.07426,24.8
speed,2021-08-18T17:07:26Z,41.2047,29.07378,29.2
speed,2021-08-18T17:07:22Z,41.20443,29.07296,26.7
speed,2021-08-18T17:07:17Z,41.20442,29.07239,20.4
speed,2021-08-18T17:07:13Z,41.20442,29.07195,14.6
speed,2021-08-18T17:07:09Z,41.20432,29.07165,12.9
speed,2021-08-18T17:07:05Z,41.20411,29.07148,13.2
speed,2021-08-18T17:07:02Z,41.20394,29.07136,13.8
speed,2021-08-18T17:07:01Z,41.20388,29.07132,13.7
speed,2021-08-18T17:06:57Z,41.20358,29.07112,15.1
speed,2021-08-18T17:06:52Z,41.2033,29.07104,15.1
speed,2021-08-18T17:06:48Z,41.20303,29.071,12.4
speed,2021-08-18T17:06:44Z,41.20285,29.07084,11.5
speed,2021-08-18T17:06:40Z,41.20279,29.07059,10.6
speed,2021-08-18T17:06:36Z,41.2028,29.07032,11.6
speed,2021-08-18T17:06:32Z,41.20277,29.07008,5.7
speed,2021-08-18T17:06:31Z,41.20277,29.07008,4
speed,2021-08-18T17:06:27Z,41.2027,29.07003,3.8
speed,2021-08-18T17:06:23Z,41.20263,29.07003,0
speed,2021-08-18T17:06:19Z,41.20262,29.07003,0.6
speed,2021-08-18T17:06:15Z,41.20254,29.07004,15.4
speed,2021-08-18T17:06:11Z,41.20225,29.07004,14.3
speed,2021-08-18T17:06:07Z,41.20197,29.07006,13.7
speed,2021-08-18T17:06:02Z,41.20165,29.07004,11.8
speed,2021-08-18T17:06:01Z,41.20154,29.07002,11.1
speed,2021-08-18T17:05:58Z,41.20144,29.07,9.1
speed,2021-08-18T17:05:54Z,41.20133,29.06999,2.7
speed,2021-08-18T17:05:50Z,41.20131,29.06997,0.1
speed,2021-08-18T17:05:46Z,41.20117,29.06996,17.1
speed,2021-08-18T17:05:42Z,41.20087,29.06997,13.5
speed,2021-08-18T17:05:37Z,41.20056,29.06992,13
speed,2021-08-18T17:05:33Z,41.20033,29.06986,11
speed,2021-08-18T17:05:30Z,41.2002,29.0698,6.8
speed,2021-08-18T17:05:29Z,41.20017,29.06979,4.8
speed,2021-08-18T17:05:25Z,41.2001,29.06975,3.7
speed,2021-08-18T17:05:21Z,41.19995,29.06967,13.7
speed,2021-08-18T17:05:17Z,41.19968,29.0695,17.6
speed,2021-08-18T17:05:13Z,41.19936,29.06923,15.7
speed,2021-08-18T17:05:08Z,41.19912,29.06904,12.8
speed,2021-08-18T17:05:04Z,41.19895,29.06894,9.2
speed,2021-08-18T17:05:00Z,41.19881,29.06887,8.1
speed,2021-08-18T17:04:59Z,41.19878,29.06884,8.6
speed,2021-08-18T17:04:56Z,41.19869,29.06878,6.7
speed,2021-08-18T17:04:52Z,41.19859,29.06868,6.5
speed,2021-08-18T17:04:48Z,41.19847,29.06853,7
speed,2021-08-18T17:04:43Z,41.1984,29.0684,6.8
speed,2021-08-18T17:04:39Z,41.19833,29.06827,5.7
speed,2021-08-18T17:04:35Z,41.19827,29.06822,3.8
speed,2021-08-18T17:04:31Z,41.19822,29.06827,3.7
speed,2021-08-18T17:04:29Z,41.19822,29.06829,0
speed,2021-08-18T17:04:27Z,41.19822,29.06829,0
speed,2021-08-18T17:04:23Z,41.19822,29.06829,0
speed,2021-08-18T17:04:18Z,41.19822,29.06829,0
speed,2021-08-18T17:04:14Z,41.19821,29.0683,1.2
speed,2021-08-18T17:04:10Z,41.19814,29.0683,4.9
speed,2021-08-18T17:04:06Z,41.19802,29.06833,6
speed,2021-08-18T17:04:02Z,41.19787,29.06838,8.3
speed,2021-08-18T17:03:58Z,41.19771,29.06849,4.5
speed,2021-08-18T17:03:53Z,41.19759,29.0686,8.7
speed,2021-08-18T17:03:49Z,41.19747,29.06872,5.6
speed,2021-08-18T17:03:45Z,41.19743,29.06878,1.1
speed,2021-08-18T17:03:41Z,41.19739,29.06882,5.8
speed,2021-08-18T17:03:37Z,41.1973,29.06893,6
speed,2021-08-18T17:03:33Z,41.19717,29.06906,6.7
speed,2021-08-18T17:03:28Z,41.19707,29.06916,6.6
speed,2021-08-18T17:03:23Z,41.19698,29.06926,0
speed,2021-08-18T17:03:19Z,41.19697,29.06927,2.2
speed,2021-08-18T17:03:15Z,41.19692,29.06932,4.1
speed,2021-08-18T17:03:11Z,41.19686,29.0694,5.8
speed,2021-08-18T17:03:07Z,41.19676,29.06953,8.7
speed,2021-08-18T17:03:03Z,41.19663,29.06972,8.6
speed,2021-08-18T17:02:58Z,41.19652,29.06988,8.7
speed,2021-08-18T17:02:57Z,41.19649,29.06992,8.7
speed,2021-08-18T17:02:54Z,41.19642,29.07004,8.3
speed,2021-08-18T17:02:50Z,41.19634,29.0702,8.3
speed,2021-08-18T17:02:46Z,41.19631,29.07039,8.1
speed,2021-08-18T17:02:42Z,41.19632,29.07057,8.1
speed,2021-08-18T17:02:38Z,41.19646,29.0707,8.1
speed,2021-08-18T17:02:33Z,41.19663,29.07071,8.5
speed,2021-08-18T17:02:29Z,41.1968,29.07075,8.6
speed,2021-08-18T17:02:27Z,41.19692,29.0708,8.1
speed,2021-08-18T17:02:25Z,41.19696,29.07081,8.2
speed,2021-08-18T17:02:21Z,41.19712,29.07086,8.7
speed,2021-08-18T17:02:17Z,41.19726,29.07096,8.7
speed,2021-08-18T17:02:13Z,41.19741,29.07114,8
speed,2021-08-18T17:02:08Z,41.19752,29.07126,7.3
speed,2021-08-18T17:02:04Z,41.19763,29.0714,8.3
speed,2021-08-18T17:02:00Z,41.19774,29.07154,7.1
speed,2021-08-18T17:01:56Z,41.19782,29.07163,5.5
speed,2021-08-18T17:01:52Z,41.19792,29.07172,7.5
speed,2021-08-18T17:01:48Z,41.19808,29.07186,8.4
speed,2021-08-18T17:01:43Z,41.19823,29.07195,8.2
speed,2021-08-18T17:01:39Z,41.19837,29.07204,7.6
speed,2021-08-18T17:01:35Z,41.19847,29.07214,5.8
speed,2021-08-18T17:01:31Z,41.19854,29.07221,3.9
speed,2021-08-18T17:01:27Z,41.19858,29.07224,1.7
speed,2021-08-18T17:01:25Z,41.19861,29.07226,4.3
speed,2021-08-18T17:01:23Z,41.19867,29.07228,6.4
speed,2021-08-18T17:01:18Z,41.19878,29.07233,4.9
speed,2021-08-18T17:01:14Z,41.19888,29.07238,6.3
speed,2021-08-18T17:01:10Z,41.19901,29.07242,7.9
speed,2021-08-18T17:01:06Z,41.19917,29.07243,8.5
speed,2021-08-18T17:01:02Z,41.1993,29.07235,6.9
speed,2021-08-18T17:00:58Z,41.19941,29.07228,4.7
speed,2021-08-18T17:00:55Z,41.19947,29.07232,5.6
speed,2021-08-18T17:00:53Z,41.19953,29.07236,6.6
speed,2021-08-18T17:00:49Z,41.19964,29.07235,6.8
speed,2021-08-18T17:00:45Z,41.19978,29.07239,7.6
speed,2021-08-18T17:00:41Z,41.19992,29.07246,7.9
speed,2021-08-18T17:00:37Z,41.20004,29.07258,7.4
speed,2021-08-18T17:00:33Z,41.20013,29.07271,7.5
speed,2021-08-18T17:00:28Z,41.20022,29.07292,7.7
speed,2021-08-18T17:00:24Z,41.20028,29.07306,5.6
speed,2021-08-18T17:00:20Z,41.20035,29.07314,2.7
speed,2021-08-18T17:00:16Z,41.20036,29.07312,2.8
speed,2021-08-18T17:00:12Z,41.20037,29.07309,2.1
speed,2021-08-18T17:00:08Z,41.20033,29.07313,3.5
speed,2021-08-18T17:00:04Z,41.20023,29.07293,10.5
speed,2021-08-18T16:59:59Z,41.20009,29.07264,14.3
speed,2021-08-18T16:59:55Z,41.19987,29.07244,15
speed,2021-08-18T16:59:54Z,41.1998,29.07242,13.9
speed,2021-08-18T16:59:51Z,41.19963,29.07236,11.4
speed,2021-08-18T16:59:47Z,41.19943,29.07232,8.3
speed,2021-08-18T16:59:43Z,41.19931,29.07228,6.1
speed,2021-08-18T16:59:39Z,41.19913,29.07245,9.6
speed,2021-08-18T16:59:34Z,41.19895,29.07244,8.2
speed,2021-08-18T16:59:30Z,41.19883,29.0724,5
speed,2021-08-18T16:59:26Z,41.19875,29.07236,3.5
speed,2021-08-18T16:59:23Z,41.19871,29.07235,5.1
speed,2021-08-18T16:59:22Z,41.19869,29.07233,8.1
speed,2021-08-18T16:59:18Z,41.1985,29.07221,11.5
speed,2021-08-18T16:59:14Z,41.19835,29.07203,11.1
speed,2021-08-18T16:59:09Z,41.19811,29.07187,10.5
speed,2021-08-18T16:59:05Z,41.19794,29.07175,9.5
speed,2021-08-18T16:59:01Z,41.19781,29.07163,4.9
speed,2021-08-18T16:58:57Z,41.19776,29.07156,6
speed,2021-08-18T16:58:53Z,41.19764,29.07137,12.4
speed,2021-08-18T16:58:52Z,41.19761,29.0713,12
speed,2021-08-18T16:58:49Z,41.19748,29.07115,11.7
speed,2021-08-18T16:58:44Z,41.19729,29.0709,10.8
speed,2021-08-18T16:58:40Z,41.19715,29.07071,11.5
speed,2021-08-18T16:58:36Z,41.19695,29.07071,10.8
speed,2021-08-18T16:58:32Z,41.19675,29.07075,10.1
speed,2021-08-18T16:58:28Z,41.19655,29.07077,9.7
speed,2021-08-18T16:58:24Z,41.19634,29.07074,8
speed,2021-08-18T16:58:22Z,41.1963,29.07073,6.8
speed,2021-08-18T16:58:19Z,41.19623,29.0706,6.8
speed,2021-08-18T16:58:14Z,41.19625,29.07042,7
speed,2021-08-18T16:58:10Z,41.19629,29.07024,6.9
speed,2021-08-18T16:58:06Z,41.19634,29.07008,6.8
speed,2021-08-18T16:58:02Z,41.19642,29.06994,7.8
speed,2021-08-18T16:57:58Z,41.1965,29.06979,7.6
speed,2021-08-18T16:57:54Z,41.1966,29.06963,7.4
speed,2021-08-18T16:57:51Z,41.19667,29.06952,7.9
speed,2021-08-18T16:57:49Z,41.19672,29.06945,8.3
speed,2021-08-18T16:57:45Z,41.19683,29.06931,6.2
speed,2021-08-18T16:57:41Z,41.19691,29.0692,5.9
speed,2021-08-18T16:57:37Z,41.197,29.06911,4.2
speed,2021-08-18T16:57:33Z,41.19701,29.0691,1.5
speed,2021-08-18T16:57:29Z,41.19707,29.06905,6.3
speed,2021-08-18T16:57:24Z,41.19724,29.06888,9.9
speed,2021-08-18T16:57:21Z,41.19736,29.06877,9.8
speed,2021-08-18T16:57:20Z,41.19739,29.06874,9.6
speed,2021-08-18T16:57:16Z,41.19752,29.06861,8.4
speed,2021-08-18T16:57:12Z,41.19762,29.0685,3.7
speed,2021-08-18T16:57:08Z,41.19769,29.06843,4.5
speed,2021-08-18T16:57:04Z,41.19772,29.06844,1.9
speed,2021-08-18T16:57:00Z,41.19773,29.06847,3.5
speed,2021-08-18T16:56:55Z,41.19769,29.06854,7.5
speed,2021-08-18T16:56:51Z,41.19756,29.06864,7
speed,2021-08-18T16:56:50Z,41.19753,29.06867,7.3
speed,2021-08-18T16:56:47Z,41.19746,29.06874,4.2
speed,2021-08-18T16:56:43Z,41.19743,29.06876,0
speed,2021-08-18T16:56:39Z,41.19743,29.06876,0
speed,2021-08-18T16:56:35Z,41.19743,29.06876,0
speed,2021-08-18T16:56:30Z,41.19743,29.06876,0
speed,2021-08-18T16:56:26Z,41.19743,29.06876,0
speed,2021-08-18T16:56:22Z,41.19743,29.06876,0
speed,2021-08-18T16:56:20Z,41.19743,29.06876,0
speed,2021-08-18T16:56:18Z,41.19743,29.06876,0
speed,2021-08-18T16:56:14Z,41.19743,29.06876,0.1
speed,2021-08-18T16:56:10Z,41.19736,29.06885,9.2
speed,2021-08-18T16:56:05Z,41.19718,29.06902,9
speed,2021-08-18T16:56:01Z,41.19706,29.06913,4.7
speed,2021-08-18T16:55:57Z,41.19704,29.06916,2.4
speed,2021-08-18T16:55:53Z,41.19704,29.06916,0.3
speed,2021-08-18T16:55:49Z,41.19701,29.06914,2.8
speed,2021-08-18T16:55:45Z,41.19701,29.06909,0
speed,2021-08-18T16:55:40Z,41.19701,29.06909,0
speed,2021-08-18T16:55:36Z,41.19701,29.06909,0
speed,2021-08-18T16:55:32Z,41.197,29.06909,1.9
speed,2021-08-18T16:55:28Z,41.19699,29.0691,0
speed,2021-08-18T16:55:24Z,41.19699,29.0691,0
speed,2021-08-18T16:55:20Z,41.19701,29.06905,2.9
speed,2021-08-18T16:55:18Z,41.19704,29.06902,5.6
speed,2021-08-18T16:55:15Z,41.19714,29.06892,10.4
speed,2021-08-18T16:55:11Z,41.19732,29.06873,12.3
speed,2021-08-18T16:55:07Z,41.1975,29.06854,11.5
speed,2021-08-18T16:55:03Z,41.19765,29.06838,8.3
speed,2021-08-18T16:54:59Z,41.19778,29.06829,7.4
speed,2021-08-18T16:54:55Z,41.1979,29.06822,6.2
speed,2021-08-18T16:54:51Z,41.19804,29.06818,5.1
speed,2021-08-18T16:54:48Z,41.19808,29.06816,0
speed,2021-08-18T16:54:46Z,41.19808,29.06816,0
speed,2021-08-18T16:54:42Z,41.1981,29.06816,0.8
speed,2021-08-18T16:54:38Z,41.19814,29.06816,0
speed,2021-08-18T16:54:34Z,41.19817,29.06815,3.1
speed,2021-08-18T16:54:30Z,41.19824,29.06812,2.2
speed,2021-08-18T16:54:26Z,41.19835,29.06815,6.6
speed,2021-08-18T16:54:21Z,41.19845,29.06834,11.7
speed,2021-08-18T16:54:17Z,41.1986,29.06856,12.5
speed,2021-08-18T16:54:13Z,41.1988,29.06873,12
speed,2021-08-18T16:54:09Z,41.19901,29.06885,11.7
speed,2021-08-18T16:54:05Z,41.1992,29.06898,11.5
speed,2021-08-18T16:54:01Z,41.19943,29.06917,11.4
speed,2021-08-18T16:53:56Z,41.1996,29.06933,10.9
speed,2021-08-18T16:53:52Z,41.19978,29.06947,10.9
speed,2021-08-18T16:53:48Z,41.19998,29.0696,11.9
speed,2021-08-18T16:53:47Z,41.20007,29.06966,11.4
speed,2021-08-18T16:53:44Z,41.20015,29.06972,7.5
speed,2021-08-18T16:53:40Z,41.2003,29.06979,10.2
speed,2021-08-18T16:53:38Z,41.2006,29.06989,14.5
speed,2021-08-18T16:53:33Z,41.20083,29.06991,11.8
speed,2021-08-18T16:53:29Z,41.20105,29.06994,10.3
speed,2021-08-18T16:53:25Z,41.20123,29.06992,8
speed,2021-08-18T16:53:21Z,41.20139,29.06991,5.8
speed,2021-08-18T16:53:18Z,41.20148,29.0699,6.5
speed,2021-08-18T16:53:16Z,41.20154,29.06992,7.8
speed,2021-08-18T16:53:13Z,41.20165,29.06994,7.9
speed,2021-08-18T16:53:12Z,41.20169,29.06994,8.2
speed,2021-08-18T16:53:11Z,41.20176,29.06996,8.2
speed,2021-08-18T16:53:09Z,41.2018,29.06997,8
speed,2021-08-18T16:53:08Z,41.20188,29.06997,7.8
speed,2021-08-18T16:53:03Z,41.20202,29.06998,7.2
speed,2021-08-18T16:52:59Z,41.20216,29.06999,8
speed,2021-08-18T16:52:55Z,41.2023,29.06999,7.1
speed,2021-08-18T16:52:51Z,41.20244,29.06999,7.6
speed,2021-08-18T16:52:47Z,41.20258,29.06998,6.7
speed,2021-08-18T16:52:43Z,41.2027,29.06998,7.2
speed,2021-08-18T16:52:38Z,41.20286,29.06994,5.9
speed,2021-08-18T16:52:34Z,41.20295,29.06991,4.6
speed,2021-08-18T16:52:30Z,41.20307,29.06988,5.3
speed,2021-08-18T16:52:26Z,41.20313,29.06992,0
speed,2021-08-18T16:52:22Z,41.20313,29.06992,0.1
speed,2021-08-18T16:52:18Z,41.20314,29.06996,3.5
speed,2021-08-18T16:52:17Z,41.20315,29.06997,3.6
speed,2021-08-18T16:52:13Z,41.20316,29.07005,3.2
speed,2021-08-18T16:52:09Z,41.20308,29.07006,0.3
speed,2021-08-18T16:52:05Z,41.20309,29.07002,0
speed,2021-08-18T16:52:01Z,41.20309,29.07002,0.1
speed,2021-08-18T16:51:59Z,41.2031,29.07007,12.7
speed,2021-08-18T16:51:57Z,41.20321,29.07007,12.4
speed,2021-08-18T16:51:53Z,41.2034,29.06999,10.1
speed,2021-08-18T16:51:49Z,41.20341,29.06971,8
speed,2021-08-18T16:51:46Z,41.20348,29.06965,10
speed,2021-08-18T16:51:44Z,41.20357,29.06962,11.9
speed,2021-08-18T16:51:40Z,41.2038,29.06957,12.8
speed,2021-08-18T16:51:36Z,41.20404,29.06955,11.9
speed,2021-08-18T16:51:32Z,41.20425,29.06955,11.8
speed,2021-08-18T16:51:28Z,41.20447,29.06959,11.8
speed,2021-08-18T16:51:24Z,41.20472,29.06975,11.9
speed,2021-08-18T16:51:19Z,41.20489,29.06992,10.3
speed,2021-08-18T16:51:16Z,41.20502,29.07007,8.5
speed,2021-08-18T16:51:15Z,41.20502,29.07007,8.5
speed,2021-08-18T16:51:11Z,41.20512,29.07028,11.1
speed,2021-08-18T16:51:07Z,41.20518,29.07056,10.8
speed,2021-08-18T16:51:03Z,41.20519,29.07086,12.5
speed,2021-08-18T16:50:59Z,41.20519,29.07129,13.8
speed,2021-08-18T16:50:54Z,41.2052,29.07159,9.9
speed,2021-08-18T16:50:50Z,41.20522,29.0718,5.5
speed,2021-08-18T16:50:46Z,41.20524,29.07199,8.8
speed,2021-08-18T16:50:45Z,41.20525,29.07204,8.7
speed,2021-08-18T16:50:42Z,41.20533,29.07215,8.5
speed,2021-08-18T16:50:38Z,41.20551,29.07219,9.6
speed,2021-08-18T16:50:34Z,41.2057,29.0723,8.8
speed,2021-08-18T16:50:29Z,41.20582,29.07246,8.5
speed,2021-08-18T16:50:25Z,41.20598,29.07248,5.5
speed,2021-08-18T16:50:21Z,41.20612,29.07246,8.1
speed,2021-08-18T16:50:17Z,41.20625,29.07257,8
speed,2021-08-18T16:50:14Z,41.20626,29.07275,6.1
speed,2021-08-18T16:50:13Z,41.20627,29.07278,7.3
speed,2021-08-18T16:50:09Z,41.20628,29.07299,4
speed,2021-08-18T16:50:04Z,41.20634,29.07311,5.4
speed,2021-08-18T16:50:00Z,41.20637,29.07325,6.4
speed,2021-08-18T16:49:56Z,41.20642,29.07339,5.8
speed,2021-08-18T16:49:52Z,41.2065,29.0735,5.9
speed,2021-08-18T16:49:48Z,41.20658,29.0736,5.8
speed,2021-08-18T16:49:44Z,41.20668,29.07372,6.4
speed,2021-08-18T16:49:39Z,41.20679,29.07381,6.8
speed,2021-08-18T16:49:35Z,41.2069,29.07389,6.9
speed,2021-08-18T16:49:31Z,41.207,29.07397,6.7
speed,2021-08-18T16:49:27Z,41.2071,29.07406,6.7
speed,2021-08-18T16:49:23Z,41.2072,29.07415,6.6
speed,2021-08-18T16:49:19Z,41.20729,29.07425,6.4
speed,2021-08-18T16:49:14Z,41.20741,29.07436,6.5
speed,2021-08-18T16:49:13Z,41.20743,29.07438,6.6
speed,2021-08-18T16:49:10Z,41.20751,29.07446,6.3
speed,2021-08-18T16:49:06Z,41.2076,29.07455,6.4
speed,2021-08-18T16:49:02Z,41.20772,29.07462,6.2
speed,2021-08-18T16:48:58Z,41.20782,29.07467,5.9
speed,2021-08-18T16:48:54Z,41.20793,29.07473,5.9
speed,2021-08-18T16:48:49Z,41.20807,29.07479,5.7
speed,2021-08-18T16:48:45Z,41.20817,29.07483,5.8
speed,2021-08-18T16:48:43Z,41.20823,29.07485,5.9
speed,2021-08-18T16:48:41Z,41.20828,29.07487,6
speed,2021-08-18T16:48:37Z,41.20838,29.07492,5.3
speed,2021-08-18T16:48:33Z,41.2084,29.07506,5.8
speed,2021-08-18T16:48:29Z,41.20838,29.0752,5.7
speed,2021-08-18T16:48:25Z,41.20839,29.07537,5.1
speed,2021-08-18T16:48:20Z,41.20838,29.0755,5.5
speed,2021-08-18T16:48:16Z,41.20837,29.07563,5.6
speed,2021-08-18T16:48:15Z,41.20838,29.07567,5.8
speed,2021-08-18T16:48:14Z,41.20837,29.0757,5.5
speed,2021-08-18T16:48:13Z,41.20837,29.07574,5.7
speed,2021-08-18T16:48:12Z,41.20837,29.07577,5.6
speed,2021-08-18T16:48:07Z,41.20842,29.07592,5.9
speed,2021-08-18T16:48:03Z,41.20853,29.07595,5.4
speed,2021-08-18T16:47:59Z,41.20863,29.07596,5.8
speed,2021-08-18T16:47:55Z,41.20874,29.07598,5.8
speed,2021-08-18T16:47:53Z,41.20879,29.07599,5.8
speed,2021-08-18T16:47:52Z,41.20885,29.07601,5.9
speed,2021-08-18T16:47:51Z,41.20887,29.07601,5.8
speed,2021-08-18T16:47:50Z,41.20887,29.07601,5.7
speed,2021-08-18T16:47:49Z,41.2089,29.07602,5.7
speed,2021-08-18T16:47:46Z,41.20898,29.07603,5.8
speed,2021-08-18T16:47:42Z,41.2091,29.07604,5.8
speed,2021-08-18T16:47:41Z,41.20913,29.07605,5.5
speed,2021-08-18T16:47:38Z,41.20921,29.07606,5.6
speed,2021-08-18T16:47:34Z,41.20931,29.07609,5.6
speed,2021-08-18T16:47:30Z,41.2094,29.07611,5.7
speed,2021-08-18T16:47:29Z,41.20943,29.07612,5.2
speed,2021-08-12T14:46:12Z,41.2075,29.0759,5.1
speed,2021-08-12T14:46:09Z,41.20749,29.07601,0
speed,2021-08-12T14:46:08Z,41.20748,29.07607,7.8
speed,2021-08-12T14:46:04Z,41.20728,29.07615,11.7
speed,2021-08-12T14:45:59Z,41.20704,29.07616,13.3
speed,2021-08-12T14:45:55Z,41.2068,29.07605,15.4
speed,2021-08-12T14:45:51Z,41.20651,29.07584,20.4
speed,2021-08-12T14:45:47Z,41.2062,29.07556,19.7
speed,2021-08-12T14:45:43Z,41.20593,29.07527,18.8
speed,2021-08-12T14:45:39Z,41.20555,29.07479,23.8
speed,2021-08-12T14:45:34Z,41.20521,29.07442,22.4
speed,2021-08-12T14:45:30Z,41.20488,29.07411,20
speed,2021-08-12T14:45:26Z,41.20467,29.07375,19.4
speed,2021-08-12T14:45:22Z,41.20447,29.07332,21.1
speed,2021-08-12T14:45:18Z,41.20441,29.07283,19.2
speed,2021-08-12T14:45:14Z,41.20441,29.07223,18.5
speed,2021-08-12T14:45:13Z,41.20441,29.07223,16.8
speed,2021-08-12T14:45:09Z,41.2044,29.07187,12
speed,2021-08-12T14:45:05Z,41.20433,29.07163,9.3
speed,2021-08-12T14:45:01Z,41.20409,29.07141,27.5
speed,2021-08-12T14:44:57Z,41.20364,29.07111,24.9
speed,2021-08-12T14:44:53Z,41.20323,29.07099,21.8
speed,2021-08-12T14:44:49Z,41.20285,29.07082,14.2
speed,2021-08-12T14:44:44Z,41.2028,29.07049,14.6
speed,2021-08-12T14:44:42Z,41.2028,29.07031,13.7
speed,2021-08-12T14:44:40Z,41.20279,29.07016,10.5
speed,2021-08-12T14:44:36Z,41.20282,29.06998,6.9
speed,2021-08-12T14:44:32Z,41.20296,29.0699,1.4
speed,2021-08-12T14:44:28Z,41.20299,29.06989,13.2
speed,2021-08-12T14:44:26Z,41.20318,29.0698,28.3
speed,2021-08-12T14:44:24Z,41.20356,29.06963,29.1
speed,2021-08-12T14:44:19Z,41.20409,29.06953,27.8
speed,2021-08-12T14:44:15Z,41.20456,29.0696,22.3
speed,2021-08-12T14:44:12Z,41.20491,29.06988,22.1
speed,2021-08-12T14:44:11Z,41.20491,29.06988,21.9
speed,2021-08-12T14:44:08Z,41.20508,29.0701,11.3
speed,2021-08-12T14:44:07Z,41.20512,29.07015,7.5
speed,2021-08-12T14:44:03Z,41.20518,29.07037,23.3
speed,2021-08-12T14:44:02Z,41.20521,29.07051,27.5
speed,2021-08-12T14:43:59Z,41.20525,29.07126,31.6
speed,2021-08-12T14:43:54Z,41.20526,29.07196,16.1
speed,2021-08-12T14:43:49Z,41.20546,29.07216,15.5
speed,2021-08-12T14:43:45Z,41.20573,29.07222,11
speed,2021-08-12T14:43:41Z,41.20588,29.07239,9.6
speed,2021-08-12T14:43:37Z,41.2061,29.07245,0
speed,2021-08-12T14:43:34Z,41.20611,29.07245,0
speed,2021-08-12T14:43:33Z,41.20612,29.07245,2.5
speed,2021-08-12T14:43:32Z,41.20614,29.07245,13.8
speed,2021-08-12T14:43:31Z,41.20621,29.07246,11.8
speed,2021-08-12T14:43:30Z,41.20626,29.07248,11.1
speed,2021-08-12T14:43:29Z,41.20631,29.07254,7
speed,2021-08-12T14:43:24Z,41.20634,29.07279,5.7
speed,2021-08-12T14:43:20Z,41.20633,29.07283,0.1
speed,2021-08-12T14:43:17Z,41.20635,29.07294,21.6
speed,2021-08-12T14:43:16Z,41.20636,29.07307,20.7
speed,2021-08-12T14:43:15Z,41.20638,29.07319,18.3
speed,2021-08-12T14:43:12Z,41.2065,29.07348,14.5
speed,2021-08-12T14:43:10Z,41.20657,29.07356,0
speed,2021-08-12T14:43:09Z,41.20657,29.07356,0
speed,2021-08-12T14:43:08Z,41.20657,29.07356,0
speed,2021-08-12T14:43:03Z,41.20657,29.07356,0
speed,2021-08-12T14:43:01Z,41.20657,29.07356,0
speed,2021-08-12T14:42:59Z,41.20657,29.07356,0
speed,2021-08-12T14:42:55Z,41.20657,29.07356,0
speed,2021-08-12T14:42:51Z,41.20657,29.07356,0
speed,2021-08-12T14:42:47Z,41.20657,29.07356,0
speed,2021-08-12T14:42:43Z,41.20657,29.07356,0
speed,2021-08-12T14:42:38Z,41.20657,29.07356,0
speed,2021-08-12T14:42:34Z,41.20657,29.07356,0
speed,2021-08-12T14:42:30Z,41.20657,29.07356,0
speed,2021-08-12T14:42:26Z,41.20657,29.07356,0
speed,2021-08-12T14:42:22Z,41.20657,29.07356,0
speed,2021-08-12T14:42:18Z,41.20657,29.07356,0
speed,2021-08-12T14:42:13Z,41.20657,29.07356,0
speed,2021-08-12T14:42:09Z,41.20657,29.07356,0
speed,2021-08-12T14:42:05Z,41.20657,29.07356,0
speed,2021-08-12T14:42:01Z,41.20657,29.07356,0
speed,2021-08-12T14:41:57Z,41.20657,29.07356,0
speed,2021-08-12T14:41:53Z,41.20657,29.07356,0
speed,2021-08-12T14:41:48Z,41.20657,29.07356,0
speed,2021-08-12T14:41:44Z,41.20657,29.07356,0
speed,2021-08-12T14:41:40Z,41.20657,29.07356,0
speed,2021-08-12T14:41:36Z,41.20657,29.07356,0
speed,2021-08-12T14:41:32Z,41.20657,29.07356,0
speed,2021-08-12T14:41:31Z,41.20657,29.07356,0
speed,2021-08-12T14:41:29Z,41.20657,29.07356,0
speed,2021-08-12T14:41:28Z,41.20656,29.07357,0
speed,2021-08-12T14:41:27Z,41.20656,29.07357,0
speed,2021-08-12T14:41:23Z,41.20662,29.07365,8.4
speed,2021-08-12T14:41:19Z,41.20664,29.07367,0
speed,2021-08-12T14:41:15Z,41.20664,29.07367,0.1
speed,2021-08-12T14:41:11Z,41.20686,29.07386,26.6
speed,2021-08-12T14:41:10Z,41.20686,29.07386,28.7
speed,2021-08-12T14:41:07Z,41.20719,29.07412,27.5
speed,2021-08-12T14:41:06Z,41.20729,29.07422,28
speed,2021-08-12T14:41:02Z,41.20766,29.07452,21.9
speed,2021-08-12T14:40:58Z,41.20795,29.07466,7.9
speed,2021-08-12T14:40:54Z,41.20798,29.07468,0.1
speed,2021-08-12T14:40:50Z,41.20812,29.07475,19.7
speed,2021-08-12T14:40:45Z,41.2084,29.07489,8.8
speed,2021-08-12T14:40:41Z,41.20844,29.0751,8.1
speed,2021-08-12T14:40:37Z,41.20842,29.07531,7.1
speed,2021-08-12T14:40:36Z,41.20842,29.07535,6.3
speed,2021-08-12T14:40:33Z,41.2084,29.07541,1.7
speed,2021-08-12T14:40:29Z,41.20839,29.07552,7.9
speed,2021-08-12T14:40:25Z,41.20832,29.07583,11.7
speed,2021-08-12T14:40:20Z,41.20811,29.076,14
speed,2021-08-12T14:40:16Z,41.20807,29.07602,0
speed,2021-08-12T14:40:12Z,41.20807,29.07602,0.2
speed,2021-08-12T14:40:10Z,41.20801,29.07604,17.3
speed,2021-08-12T14:40:08Z,41.20787,29.0761,13.5
speed,2021-08-12T14:40:06Z,41.20775,29.07615,12
speed,2021-08-12T14:40:04Z,41.20766,29.07619,10.5
speed,2021-08-12T14:40:00Z,41.20744,29.0762,9.7
speed,2021-08-12T14:39:55Z,41.20734,29.0762,0
speed,2021-08-12T14:39:51Z,41.20734,29.0762,0
speed,2021-08-12T14:39:47Z,41.20733,29.07618,1.7
speed,2021-08-12T14:39:43Z,41.20732,29.07614,0
speed,2021-08-12T14:39:39Z,41.20732,29.07614,0
speed,2021-08-12T14:39:35Z,41.20732,29.07614,0
speed,2021-08-12T14:39:34Z,41.20732,29.07614,0
speed,2021-08-12T14:39:30Z,41.20735,29.0761,0.6
speed,2021-08-12T14:39:29Z,41.20735,29.07608,0.7
speed,2021-08-12T14:36:38Z,41.20728,29.07631,0.1
speed,2021-08-12T14:36:37Z,41.20728,29.07631,0
speed,2021-08-12T14:36:34Z,41.20729,29.07631,0.2
speed,2021-08-12T14:36:30Z,41.20729,29.0763,0
speed,2021-08-12T14:36:25Z,41.2073,29.0763,0
speed,2021-08-12T14:36:21Z,41.2073,29.07629,0.1
speed,2021-08-12T14:36:17Z,41.2073,29.07628,0.1
speed,2021-08-12T14:36:13Z,41.2073,29.07628,0.1
speed,2021-08-12T14:36:09Z,41.2073,29.07628,0.2
speed,2021-08-12T14:36:05Z,41.2073,29.07628,0
speed,2021-08-12T14:36:00Z,41.2073,29.07628,0.1
speed,2021-08-12T14:35:56Z,41.20729,29.07628,0.2
speed,2021-08-12T14:35:52Z,41.20729,29.07628,0.2
speed,2021-08-12T14:35:48Z,41.20728,29.07628,0.1
speed,2021-08-12T14:35:44Z,41.20728,29.07628,0
speed,2021-08-12T14:35:40Z,41.20728,29.07628,0
speed,2021-08-12T14:35:35Z,41.20728,29.07628,0.1
speed,2021-08-12T14:35:31Z,41.20727,29.07628,0.1
speed,2021-08-12T14:35:27Z,41.20727,29.07629,0
speed,2021-08-12T14:35:23Z,41.20728,29.07629,0
speed,2021-08-12T14:35:19Z,41.20728,29.07628,0
speed,2021-08-12T14:35:15Z,41.20728,29.07628,0
speed,2021-08-12T14:35:10Z,41.20729,29.07627,0.1
speed,2021-08-12T14:35:09Z,41.20729,29.07627,0.2
speed,2021-08-12T14:35:08Z,41.20729,29.07627,0
speed,2021-08-12T14:35:07Z,41.20729,29.07626,0
speed,2021-08-12T14:35:06Z,41.20729,29.07626,0
speed,2021-08-12T14:35:01Z,41.20722,29.07624,6.9
speed,2021-08-12T14:34:57Z,41.20709,29.07619,7.8
speed,2021-08-12T14:34:53Z,41.20694,29.07611,9.1
speed,2021-08-12T14:34:52Z,41.2069,29.0761,9.2
speed,2021-08-12T14:34:49Z,41.20678,29.07604,10.1
speed,2021-08-12T14:34:45Z,41.20659,29.0759,12.1
speed,2021-08-12T14:34:41Z,41.20636,29.07569,11.6
speed,2021-08-12T14:34:36Z,41.20618,29.07551,11.1
speed,2021-08-12T14:34:32Z,41.20604,29.07536,9.1
speed,2021-08-12T14:34:28Z,41.2059,29.07519,11.1
speed,2021-08-12T14:34:24Z,41.20575,29.075,11.2
speed,2021-08-12T14:34:22Z,41.20567,29.07491,11.9
speed,2021-08-12T14:34:20Z,41.20559,29.07481,11.8
speed,2021-08-12T14:34:16Z,41.20537,29.07454,13.1
speed,2021-08-12T14:34:11Z,41.20516,29.07437,13.1
speed,2021-08-12T14:34:07Z,41.20496,29.0742,12.6
speed,2021-08-12T14:34:03Z,41.2048,29.07398,12.4
speed,2021-08-12T14:33:59Z,41.20466,29.07371,13.2
speed,2021-08-12T14:33:55Z,41.20451,29.07339,16.7
speed,2021-08-12T14:33:51Z,41.20441,29.07289,16.9
speed,2021-08-12T14:33:46Z,41.20441,29.07247,16
speed,2021-08-12T14:33:42Z,41.20441,29.07211,11.9
speed,2021-08-12T14:33:38Z,41.20441,29.07186,7.9
speed,2021-08-12T14:33:36Z,41.20435,29.07167,8.2
speed,2021-08-12T14:33:32Z,41.20424,29.07154,7.8
speed,2021-08-12T14:33:28Z,41.20407,29.07143,8.3
speed,2021-08-12T14:33:23Z,41.20394,29.07133,7.5
speed,2021-08-12T14:33:19Z,41.20381,29.07124,7.8
speed,2021-08-12T14:33:15Z,41.20368,29.07115,7.8
speed,2021-08-12T14:33:11Z,41.20355,29.07107,7.7
speed,2021-08-12T14:33:07Z,41.20341,29.07103,7.6
speed,2021-08-12T14:33:03Z,41.20326,29.07101,8.5
speed,2021-08-12T14:32:58Z,41.20304,29.07098,11
speed,2021-08-12T14:32:54Z,41.20286,29.07086,10.8
speed,2021-08-12T14:32:52Z,41.20282,29.07074,10.4
speed,2021-08-12T14:32:50Z,41.2028,29.07062,10.2
speed,2021-08-12T14:32:46Z,41.2028,29.07035,12.4
speed,2021-08-12T14:32:41Z,41.2028,29.07003,7.1
speed,2021-08-12T14:32:37Z,41.20291,29.06991,9.4
speed,2021-08-12T14:32:33Z,41.2031,29.06982,12.1
speed,2021-08-12T14:32:29Z,41.20336,29.06969,11.4
speed,2021-08-12T14:32:24Z,41.20357,29.06961,12.4
speed,2021-08-12T14:32:21Z,41.20374,29.06956,12
speed,2021-08-12T14:32:20Z,41.20379,29.06955,11.8
speed,2021-08-12T14:32:16Z,41.20401,29.06952,11.3
speed,2021-08-12T14:32:12Z,41.20421,29.06951,10.7
speed,2021-08-12T14:32:08Z,41.2044,29.06953,9.3
speed,2021-08-12T14:32:04Z,41.20455,29.06958,8
speed,2021-08-12T14:32:00Z,41.20472,29.0697,9.1
speed,2021-08-12T14:31:55Z,41.20488,29.06985,9.9
speed,2021-08-12T14:31:51Z,41.205,29.06999,8
speed,2021-08-12T14:31:47Z,41.20509,29.07012,5.8
speed,2021-08-12T14:31:43Z,41.20514,29.07019,0.8
speed,2021-08-12T14:31:39Z,41.20513,29.0702,1.1
speed,2021-08-12T14:31:35Z,41.20512,29.07018,0.1
speed,2021-08-12T14:31:30Z,41.20512,29.07018,0
speed,2021-08-12T14:31:26Z,41.20512,29.07018,0
speed,2021-08-12T14:31:22Z,41.20512,29.07018,0.1
speed,2021-08-12T14:31:20Z,41.20512,29.07019,0
speed,2021-08-12T14:31:19Z,41.20512,29.0702,0.2
speed,2021-08-12T14:31:18Z,41.20512,29.0702,0.1
speed,2021-08-12T14:31:17Z,41.20513,29.07019,0
speed,2021-08-12T14:30:45Z,41.20517,29.07017,0
speed,2021-08-12T14:30:41Z,41.20517,29.07017,0
speed,2021-08-12T14:30:40Z,41.20517,29.07017,0
speed,2021-08-12T14:30:35Z,41.20517,29.07017,0
speed,2021-08-12T14:30:29Z,41.20517,29.07017,0
speed,2021-08-12T14:30:24Z,41.20517,29.07017,0
speed,2021-08-12T14:30:20Z,41.20517,29.07017,0
speed,2021-08-12T14:30:15Z,41.20517,29.07017,0
speed,2021-08-12T14:30:11Z,41.20517,29.07017,0
speed,2021-08-12T14:30:07Z,41.20517,29.07017,0
speed,2021-08-12T14:30:03Z,41.20517,29.07017,0
speed,2021-08-12T14:29:59Z,41.20517,29.07017,0
speed,2021-08-12T14:29:54Z,41.20517,29.07017,0
speed,2021-08-12T14:29:48Z,41.20517,29.07017,0
speed,2021-08-12T14:29:42Z,41.20517,29.07017,0
speed,2021-08-12T14:29:36Z,41.20517,29.07017,0
speed,2021-08-12T14:29:32Z,41.20517,29.07017,0
speed,2021-08-12T14:29:26Z,41.20517,29.07017,0
speed,2021-08-12T14:29:19Z,41.20517,29.07017,0
speed,2021-08-12T14:29:16Z,41.20517,29.07017,0
speed,2021-08-12T14:29:14Z,41.20517,29.07017,0
speed,2021-08-12T14:29:08Z,41.20517,29.07017,0
speed,2021-08-12T14:29:03Z,41.20517,29.07017,0
speed,2021-08-12T14:28:58Z,41.20517,29.07017,0
speed,2021-08-12T14:28:53Z,41.20517,29.07017,0
speed,2021-08-12T14:28:48Z,41.20517,29.07017,0
speed,2021-08-12T14:28:42Z,41.20517,29.07017,0
speed,2021-08-12T14:28:36Z,41.20517,29.07017,0
speed,2021-08-12T14:28:32Z,41.20517,29.07017,0
speed,2021-08-12T14:28:28Z,41.20517,29.07017,0
speed,2021-08-12T14:28:23Z,41.20517,29.07017,0
speed,2021-08-12T14:28:19Z,41.20517,29.07017,0
speed,2021-08-12T14:28:13Z,41.20517,29.07017,0
speed,2021-08-12T14:28:07Z,41.20517,29.07017,0
speed,2021-08-12T14:28:01Z,41.20517,29.07017,0
speed,2021-08-12T14:27:55Z,41.20517,29.07017,0
speed,2021-08-12T14:27:52Z,41.20517,29.07017,0
speed,2021-08-12T14:27:49Z,41.20517,29.07017,0
speed,2021-08-12T14:27:44Z,41.20517,29.07017,0
speed,2021-08-12T14:27:40Z,41.20517,29.07017,0
speed,2021-08-12T14:27:36Z,41.20517,29.07017,0
speed,2021-08-12T14:27:32Z,41.20517,29.07017,0
speed,2021-08-12T14:27:30Z,41.20517,29.07017,0
speed,2021-08-12T14:27:29Z,41.20517,29.07017,0
speed,2021-08-12T14:27:28Z,41.20517,29.07017,0
speed,2021-08-12T14:27:27Z,41.20517,29.07017,0
speed,2021-08-12T14:27:26Z,41.20517,29.07017,0
speed,2021-08-12T14:27:24Z,41.20517,29.07017,0
speed,2021-08-12T14:27:23Z,41.20517,29.07017,0
speed,2021-08-12T14:27:22Z,41.20517,29.07017,0
speed,2021-08-12T14:27:20Z,41.20517,29.07017,0
speed,2021-08-12T14:27:19Z,41.20517,29.07017,0
speed,2021-08-12T14:27:15Z,41.20517,29.07017,0
speed,2021-08-12T14:27:14Z,41.20517,29.07017,0
speed,2021-08-12T14:27:13Z,41.20517,29.07017,0
speed,2021-08-12T14:27:12Z,41.20517,29.07017,0
speed,2021-08-12T14:27:10Z,41.20517,29.07017,0
speed,2021-08-12T14:27:06Z,41.20517,29.07017,0
speed,2021-08-12T14:27:03Z,41.20517,29.07017,0
speed,2021-08-12T14:27:02Z,41.20517,29.07017,0
speed,2021-08-12T14:27:01Z,41.20517,29.07017,0
speed,2021-08-12T14:27:00Z,41.20517,29.07017,0
speed,2021-08-12T14:26:59Z,41.20517,29.07017,0
speed,2021-08-12T14:26:58Z,41.20517,29.07017,0
speed,2021-08-12T14:26:54Z,41.20517,29.07017,0
speed,2021-08-12T14:26:49Z,41.20517,29.07017,0
speed,2021-08-12T14:26:48Z,41.20517,29.07017,0
speed,2021-08-12T14:26:47Z,41.20517,29.07017,0
speed,2021-08-12T14:26:46Z,41.20517,29.07017,0
speed,2021-08-12T14:26:45Z,41.20517,29.07017,0
speed,2021-08-12T14:26:44Z,41.20517,29.07017,0
speed,2021-08-12T14:26:41Z,41.20517,29.07017,0
speed,2021-08-12T14:26:39Z,41.20517,29.07017,0
speed,2021-08-12T14:26:37Z,41.20517,29.07017,0
speed,2021-08-12T14:26:33Z,41.20517,29.07017,0
speed,2021-08-12T14:26:29Z,41.20517,29.07017,0
speed,2021-08-12T14:26:25Z,41.20517,29.07018,0
speed,2021-08-12T14:26:20Z,41.20518,29.07024,5.1
speed,2021-08-12T14:26:16Z,41.20521,29.07044,7.5
speed,2021-08-12T14:26:12Z,41.20523,29.07062,8
speed,2021-08-12T14:26:09Z,41.20523,29.07076,7.8
speed,2021-08-12T14:26:08Z,41.20523,29.07081,8.1
speed,2021-08-12T14:26:04Z,41.20523,29.071,7.4
speed,2021-08-12T14:25:59Z,41.20524,29.07125,8
speed,2021-08-12T14:25:55Z,41.20524,29.07148,8.8
speed,2021-08-12T14:25:51Z,41.20525,29.07174,6.3
speed,2021-08-12T14:25:47Z,41.20526,29.07185,0
speed,2021-08-12T14:25:43Z,41.20526,29.07185,0
speed,2021-08-12T14:25:39Z,41.20526,29.07185,0
speed,2021-08-12T14:25:38Z,41.20526,29.07185,0
speed,2021-08-12T14:25:35Z,41.20526,29.07188,3.1
speed,2021-08-12T14:25:30Z,41.20526,29.07201,6.2
speed,2021-08-12T14:25:26Z,41.20533,29.07213,5.9
speed,2021-08-12T14:25:22Z,41.20543,29.07216,6.2
speed,2021-08-12T14:25:18Z,41.20557,29.07216,7.8
speed,2021-08-12T14:25:14Z,41.20569,29.07224,6.7
speed,2021-08-12T14:25:10Z,41.20582,29.07241,7.2
speed,2021-08-12T14:25:08Z,41.20584,29.07244,7
speed,2021-08-12T14:25:05Z,41.20595,29.07247,8.3
speed,2021-08-12T14:25:01Z,41.20609,29.07242,5.9
speed,2021-08-12T14:24:57Z,41.20619,29.07245,4.1
speed,2021-08-12T14:24:53Z,41.20628,29.07257,5
speed,2021-08-12T14:24:49Z,41.2063,29.07274,4.8
speed,2021-08-12T14:24:45Z,41.20631,29.07291,5.9
speed,2021-08-12T14:24:40Z,41.20634,29.0731,8
speed,2021-08-12T14:24:37Z,41.20637,29.07324,8.5
speed,2021-08-12T14:24:36Z,41.20639,29.07329,7.8
speed,2021-08-12T14:24:32Z,41.20646,29.07343,5.7
speed,2021-08-12T14:24:28Z,41.20653,29.07354,5.5
speed,2021-08-12T14:24:24Z,41.20661,29.07362,5.5
speed,2021-08-12T14:24:20Z,41.2067,29.07371,6.8
speed,2021-08-12T14:24:15Z,41.20682,29.07379,5.7
speed,2021-08-12T14:24:11Z,41.20691,29.07386,5.7
speed,2021-08-12T14:24:07Z,41.207,29.07394,5.8
speed,2021-08-12T14:24:06Z,41.20702,29.07396,5.7
speed,2021-08-12T14:24:03Z,41.20709,29.07401,5.7
speed,2021-08-12T14:23:59Z,41.20717,29.0741,5.9
speed,2021-08-12T14:23:55Z,41.20726,29.07419,5.3
speed,2021-08-12T14:23:50Z,41.20736,29.07428,5.2
speed,2021-08-12T14:23:46Z,41.20743,29.07437,6.2
speed,2021-08-12T14:23:42Z,41.20751,29.07444,5
speed,2021-08-12T14:23:38Z,41.20757,29.07446,5.6
speed,2021-08-12T14:23:33Z,41.20771,29.07455,4.6
speed,2021-08-12T14:23:28Z,41.2078,29.0746,4.2
speed,2021-08-12T14:23:24Z,41.20783,29.07461,0
speed,2021-08-12T14:23:20Z,41.20783,29.07461,0
speed,2021-08-12T14:23:16Z,41.20783,29.07461,0
speed,2021-08-12T14:23:12Z,41.20783,29.07461,0
speed,2021-08-12T14:23:08Z,41.20783,29.07461,0
speed,2021-08-12T14:23:03Z,41.20783,29.07461,0
speed,2021-08-12T14:22:59Z,41.20783,29.07461,0
speed,2021-08-12T14:22:55Z,41.20783,29.07461,0
speed,2021-08-12T14:22:51Z,41.20783,29.07461,0
speed,2021-08-12T14:22:47Z,41.20783,29.07461,0
speed,2021-08-12T14:22:46Z,41.20783,29.07461,0.3
speed,2021-08-12T14:03:52Z,41.20785,29.07461,0
speed,2021-08-12T14:01:04Z,41.20785,29.07454,0
speed,2021-08-12T13:55:16Z,41.20785,29.07456,0
speed,2021-08-12T13:55:14Z,41.20785,29.07456,0
speed,2021-08-12T13:55:10Z,41.20785,29.07456,0
speed,2021-08-12T13:55:06Z,41.20785,29.07456,0
speed,2021-08-12T13:55:02Z,41.20785,29.07456,0
speed,2021-08-12T13:54:58Z,41.20785,29.07456,0
speed,2021-08-12T13:54:54Z,41.20785,29.07456,0
speed,2021-08-12T13:54:49Z,41.20785,29.07456,0
speed,2021-08-12T13:54:45Z,41.20785,29.07456,0
speed,2021-08-12T13:54:41Z,41.20785,29.07456,0
speed,2021-08-12T13:54:37Z,41.20785,29.07456,0
speed,2021-08-12T13:54:36Z,41.20785,29.07456,0
speed,2021-08-12T13:53:52Z,41.20785,29.07456,0
speed,2021-08-12T13:36:56Z,41.2078,29.07438,0
speed,2021-08-12T13:36:54Z,41.2078,29.07438,0
speed,2021-08-12T13:36:52Z,41.2078,29.07438,0
speed,2021-08-12T13:36:48Z,41.2078,29.07438,0
speed,2021-08-12T13:36:43Z,41.2078,29.07438,0
speed,2021-08-12T13:36:39Z,41.2078,29.07438,0
speed,2021-08-12T13:36:35Z,41.2078,29.07438,0
speed,2021-08-12T13:36:31Z,41.2078,29.07438,0
speed,2021-08-12T13:36:27Z,41.2078,29.07438,0
speed,2021-08-12T13:36:23Z,41.2078,29.07438,0
speed,2021-08-12T13:36:18Z,41.2078,29.07438,0
speed,2021-08-12T13:36:14Z,41.2078,29.07438,0
speed,2021-08-12T13:36:10Z,41.2078,29.07438,0
speed,2021-08-12T13:36:06Z,41.2078,29.07438,0
speed,2021-08-12T13:36:02Z,41.2078,29.07438,0
speed,2021-08-12T13:35:58Z,41.2078,29.07438,0
speed,2021-08-12T13:35:53Z,41.2078,29.07438,0
speed,2021-08-12T13:35:49Z,41.2078,29.07438,0
speed,2021-08-12T13:35:45Z,41.2078,29.07438,0
speed,2021-08-12T13:35:41Z,41.2078,29.07438,0
speed,2021-08-12T13:35:37Z,41.2078,29.07438,0
speed,2021-08-12T13:35:33Z,41.2078,29.07438,0
speed,2021-08-12T13:35:30Z,41.2078,29.07438,0
speed,2021-08-12T13:35:29Z,41.2078,29.07438,0
speed,2021-08-12T13:35:24Z,41.2078,29.07438,0
speed,2021-08-12T13:35:20Z,41.2078,29.07438,0
speed,2021-08-12T13:35:16Z,41.2078,29.07438,0
speed,2021-08-12T13:35:12Z,41.2078,29.07438,0
speed,2021-08-12T13:35:08Z,41.2078,29.07438,0
speed,2021-08-12T13:35:04Z,41.2078,29.07438,0
speed,2021-08-12T13:34:59Z,41.2078,29.07438,0
speed,2021-08-12T13:34:57Z,41.2078,29.07437,0.5
speed,2021-08-12T13:34:53Z,41.2078,29.07438,0.4
speed,2021-08-12T13:34:44Z,41.20781,29.0744,0.1
speed,2021-08-12T13:33:31Z,41.20783,29.07449,0
speed,2021-08-12T13:33:29Z,41.20784,29.07449,0.1
speed,2021-08-12T13:33:25Z,41.20784,29.07449,0
speed,2021-08-12T13:33:20Z,41.20784,29.07449,0
speed,2021-08-12T13:33:16Z,41.20784,29.0745,0.1
speed,2021-08-12T13:33:12Z,41.20784,29.07451,0
speed,2021-08-12T13:33:08Z,41.20784,29.07451,0
speed,2021-08-12T13:33:04Z,41.20784,29.07451,0
speed,2021-08-12T13:33:00Z,41.20785,29.07451,0
speed,2021-08-12T13:32:55Z,41.20785,29.07451,0.1
speed,2021-08-12T13:32:51Z,41.20785,29.07451,0
speed,2021-08-12T13:32:47Z,41.20785,29.07451,0
speed,2021-08-12T13:32:43Z,41.20785,29.07451,0.1
speed,2021-08-12T13:32:39Z,41.20785,29.07451,0
speed,2021-08-12T13:32:35Z,41.20785,29.07451,0
speed,2021-08-12T13:32:30Z,41.20785,29.07451,0
speed,2021-08-12T13:32:26Z,41.20785,29.07451,0
speed,2021-08-12T13:32:22Z,41.20784,29.07451,0
speed,2021-08-12T13:32:18Z,41.20784,29.07451,0
speed,2021-08-12T13:32:14Z,41.20784,29.0745,0.2
speed,2021-08-12T13:32:10Z,41.20783,29.07449,0.2
speed,2021-08-12T13:32:07Z,41.20782,29.0745,0.1
speed,2021-08-12T13:32:05Z,41.20782,29.0745,0.2
speed,2021-08-12T13:32:01Z,41.20782,29.07449,0.2
speed,2021-08-12T13:31:57Z,41.20783,29.0745,0
speed,2021-08-12T13:31:53Z,41.20783,29.07451,0
speed,2021-08-12T13:31:49Z,41.20783,29.07451,0
speed,2021-08-12T13:31:45Z,41.20784,29.07451,0.1
speed,2021-08-12T13:31:41Z,41.20784,29.0745,0.2
speed,2021-08-12T13:31:38Z,41.20784,29.0745,0
speed,2021-08-12T13:31:37Z,41.20784,29.0745,0.1
speed,2021-08-12T13:31:36Z,41.20784,29.0745,0.1
speed,2021-08-12T13:31:35Z,41.20784,29.0745,0.1
speed,2021-08-12T13:31:33Z,41.20783,29.07449,0
speed,2021-08-12T13:31:31Z,41.20783,29.07449,0
speed,2021-08-12T13:31:27Z,41.20783,29.07449,0
speed,2021-08-12T13:31:23Z,41.20783,29.07449,0
speed,2021-08-12T13:31:19Z,41.20782,29.07449,0
speed,2021-08-12T13:31:15Z,41.20782,29.07449,0
speed,2021-08-12T13:31:10Z,41.20782,29.07449,0
speed,2021-08-12T13:31:08Z,41.20782,29.07449,0
speed,2021-08-12T13:31:04Z,41.20782,29.07449,0.2
speed,2021-08-12T13:31:00Z,41.20783,29.07449,0.1
speed,2021-08-12T13:30:56Z,41.20783,29.07449,0
speed,2021-08-12T13:30:52Z,41.20782,29.07448,0
speed,2021-08-12T13:30:47Z,41.20782,29.07448,0
speed,2021-08-12T13:30:43Z,41.20782,29.07447,0
speed,2021-08-12T13:30:39Z,41.20783,29.07446,0
speed,2021-08-12T13:30:35Z,41.20783,29.07446,0
speed,2021-08-12T13:30:33Z,41.20783,29.07446,0
speed,2021-08-12T13:30:31Z,41.20783,29.07446,0.1
speed,2021-08-12T13:30:26Z,41.20783,29.07446,0
speed,2021-08-12T13:30:22Z,41.20783,29.07447,0.1
speed,2021-08-12T13:30:18Z,41.20783,29.07447,0
speed,2021-08-12T13:30:14Z,41.20784,29.07447,0.1
speed,2021-08-12T13:30:09Z,41.20784,29.07447,0.1
speed,2021-08-12T13:30:05Z,41.20783,29.07447,0
speed,2021-08-12T13:30:03Z,41.20783,29.07446,0.1
speed,2021-08-12T13:30:01Z,41.20783,29.07446,0
speed,2021-08-12T13:29:57Z,41.20783,29.07445,0
speed,2021-08-12T13:29:53Z,41.20783,29.07445,0
speed,2021-08-12T13:29:49Z,41.20784,29.07445,0
speed,2021-08-12T13:29:44Z,41.20785,29.07445,0
speed,2021-08-12T13:29:40Z,41.20785,29.07445,0.1
speed,2021-08-12T13:29:36Z,41.20784,29.07444,0
speed,2021-08-12T13:29:32Z,41.20785,29.07444,0.1
speed,2021-08-12T13:29:31Z,41.20785,29.07444,0.1
speed,2021-08-12T13:29:28Z,41.20785,29.07444,0
speed,2021-08-12T13:29:27Z,41.20785,29.07444,0.1
speed,2021-08-12T13:29:22Z,41.20786,29.07442,0
